{
	"info": {
		"_postman_id": "334bafc6-8dd1-4e9f-9515-b91bb1b8ed8a",
		"name": "sih",
		"schema": "https://schema.getpostman.com/json/collection/v2.0.0/collection.json",
		"_exporter_id": "36306273"
	},
	"item": [
		{
			"name": "signup",
			"event": [
				{
					"listen": "test",
					"script": {
						"exec": [
							""
						],
						"type": "text/javascript",
						"packages": {}
					}
				}
			],
			"request": {
				"method": "POST",
				"header": [],
				"body": {
					"mode": "formdata",
					"formdata": [
						{
							"key": "firstName",
							"value": "{\"name\":\"Suruthi\"}",
							"contentType": "application/json",
							"type": "text"
						},
						{
							"key": "lastName",
							"value": "M",
							"contentType": "application/json",
							"type": "text"
						},
						{
							"key": "email",
							"value": "suruthi@gmail.com",
							"contentType": "application/json",
							"type": "text"
						},
						{
							"key": "phone",
							"value": "1234567890",
							"contentType": "application/json",
							"type": "text"
						},
						{
							"key": "graduationYear",
							"value": "2026",
							"contentType": "application/json",
							"type": "text"
						},
						{
							"key": "degree",
							"value": "B.E",
							"contentType": "application/json",
							"type": "text"
						},
						{
							"key": "department",
							"value": "CSE",
							"contentType": "application/json",
							"type": "text"
						},
						{
							"key": "currentJob",
							"value": "SoftwareEngineer",
							"contentType": "application/json",
							"type": "text"
						},
						{
							"key": "company",
							"value": "Zoho",
							"contentType": "application/json",
							"type": "text"
						},
						{
							"key": "linkedin",
							"value": "https://linkedin.com",
							"contentType": "application/json",
							"type": "text"
						},
						{
							"key": "location",
							"value": "Sivakasi",
							"contentType": "application/json",
							"type": "text"
						},
						{
							"key": "bio",
							"value": "Alumini",
							"contentType": "application/json",
							"type": "text"
						},
						{
							"key": "photo",
							"contentType": "application/json",
							"type": "file",
							"src": "/F:/htms/images/raji.jpg"
						}
					]
				},
				"url": "http://localhost:5000/submitAluminiData"
			},
			"response": []
		},
		{
			"name": "New Request",
			"request": {
				"method": "GET",
				"header": [],
				"url": "http://localhost:5000/getAlumniData"
			},
			"response": []
		},
		{
			"name": "New Request",
			"protocolProfileBehavior": {
				"disabledSystemHeaders": {}
			},
			"request": {
				"method": "PUT",
				"header": [
					{
						"key": "",
						"value": "",
						"type": "text",
						"disabled": true
					}
				],
				"body": {
					"mode": "raw",
					"raw": "{\r\n    \"firstName\": \"John\",\r\n    \"lastName\": \"Doe\",\r\n    \"email\": \"johndoe@example.com\",\r\n    \"phone\": \"1234567890\",\r\n    \"graduationYear\": \"2021\",\r\n    \"degree\": \"M.Tech\",\r\n    \"department\": \"Data Science\",\r\n    \"currentJob\": \"Senior Software Engineer\",\r\n    \"company\": \"Microsoft\",\r\n    \"linkedin\": \"https://linkedin.com/in/johndoe\",\r\n    \"location\": \"Seattle, USA\",\r\n    \"bio\": \"Passionate about AI and Data Science.\"\r\n}\r\n",
					"options": {
						"raw": {
							"language": "json"
						}
					}
				},
				"url": "http://localhost:5000/updateAlumni/677a3c0aa760aa016e98f69e"
			},
			"response": []
		}
	]
}